{"cameraMode":{"drawMode":0,"name":"Shaded","section":"Shading Mode"},"sceneLighting":true,"audioPlay":false,"sceneViewState":{"m_AlwaysRefresh":false,"showFog":true,"showSkybox":true,"showFlares":true,"showImageEffects":true,"showParticleSystems":true,"showVisualEffectGraphs":true,"m_FxEnabled":true},"in2DMode":false,"pivot":{"x":0.8066060543060303,"y":5.294894695281982,"z":-3.764423131942749},"rotation":{"x":0.39695560932159426,"y":-0.07092849910259247,"z":0.030778104439377786,"w":0.9145643711090088},"size":2.0587363243103029,"orthographic":false}